Jugador,Rating,RD
J13,1884.088996,116.2863026
J19,1864.40644,116.7902065
J20,1813.038186,116.0559628
J12,1710.742247,116.7965398
J14,1708.247921,117.0812728
J16,1687.144188,116.3979745
J15,1680.885001,116.450752
J10,1667.589302,117.4788659
