Jugador,Rating,RD
J13,1884.0889963210088,116.28630262829635
J19,1864.406439624005,116.79020653361596
J20,1813.0381862677555,116.05596276634884
J10,1667.5893017900419,117.47886589113256
J12,1710.7422473103597,116.79653983540663
J14,1708.2479208209961,117.0812728445025
J15,1680.8850005517581,116.45075200044248
J16,1687.1441883061495,116.39797454764472
